<?xml version="1.0" encoding="utf-8"?>
<!--Created using XmlSitemapGenerator.org - Free HTML, RSS and XML sitemap generator-->
<rss version="2.0">
  <channel>
    <title>RADIO BRATAN</title>
    <link>http://bratan.ooo</link>
    <description />
    <item>
      <guid>http://bratan.ooo/</guid>
      <title>RADIO BRATAN</title>
      <link>http://bratan.ooo/</link>
      <description>RADIO BRATAN</description>
    </item>
  </channel>
</rss>
<!--<guid value="947cb7d5-cb60-41fb-9d1e-153fe7f8c13c" />-->
<!--Created using XmlSitemapGenerator.org - Free HTML, RSS and XML sitemap generator-->